,ID,First bp,Last bp,Frame,Strand,Length,Peptide size (aa),Start codon index,Stop codon index,Start in DNA,Stop in DNA,Overlap in DNA
0,randomseq_10kb_orf_1,14,121,Sense +2,Sense,105,35,13,118,14,121,"randomseq_10kb_orf_2, randomseq_10kb_orf_3"
1,randomseq_10kb_orf_2,22,27,Sense +1,Sense,3,1,21,24,22,27,randomseq_10kb_orf_1
2,randomseq_10kb_orf_3,70,102,Sense +1,Sense,30,10,69,99,70,102,randomseq_10kb_orf_1
3,randomseq_10kb_orf_4,145,315,Sense +1,Sense,168,56,144,312,145,315,"randomseq_10kb_orf_5, randomseq_10kb_orf_6, randomseq_10kb_orf_7, randomseq_10kb_orf_294, randomseq_10kb_orf_295"
4,randomseq_10kb_orf_5,202,315,Sense +1,Sense,111,37,201,312,202,315,"randomseq_10kb_orf_4, randomseq_10kb_orf_6, randomseq_10kb_orf_7, randomseq_10kb_orf_294, randomseq_10kb_orf_295"
5,randomseq_10kb_orf_6,207,254,Sense +3,Sense,45,15,206,251,207,254,"randomseq_10kb_orf_4, randomseq_10kb_orf_5"
293,randomseq_10kb_orf_294,264,290,Antisense +3,Antisense,24,8,9710,9734,290,264,"randomseq_10kb_orf_4, randomseq_10kb_orf_5, randomseq_10kb_orf_7, randomseq_10kb_orf_295"
294,randomseq_10kb_orf_295,264,287,Antisense +3,Antisense,21,7,9713,9734,287,264,"randomseq_10kb_orf_4, randomseq_10kb_orf_5, randomseq_10kb_orf_7, randomseq_10kb_orf_294"
6,randomseq_10kb_orf_7,266,298,Sense +2,Sense,30,10,265,295,266,298,"randomseq_10kb_orf_4, randomseq_10kb_orf_5, randomseq_10kb_orf_294, randomseq_10kb_orf_295"
7,randomseq_10kb_orf_8,334,357,Sense +1,Sense,21,7,333,354,334,357,"randomseq_10kb_orf_292, randomseq_10kb_orf_293"
291,randomseq_10kb_orf_292,341,400,Antisense +1,Antisense,57,19,9600,9657,400,341,"randomseq_10kb_orf_8, randomseq_10kb_orf_9, randomseq_10kb_orf_293"
292,randomseq_10kb_orf_293,341,352,Antisense +1,Antisense,9,3,9648,9657,352,341,"randomseq_10kb_orf_8, randomseq_10kb_orf_292"
8,randomseq_10kb_orf_9,399,413,Sense +3,Sense,12,4,398,410,399,413,randomseq_10kb_orf_292
9,randomseq_10kb_orf_10,445,606,Sense +1,Sense,159,53,444,603,445,606,"randomseq_10kb_orf_11, randomseq_10kb_orf_12, randomseq_10kb_orf_13, randomseq_10kb_orf_288, randomseq_10kb_orf_289, randomseq_10kb_orf_290, randomseq_10kb_orf_291"
290,randomseq_10kb_orf_291,452,502,Antisense +1,Antisense,48,16,9498,9546,502,452,"randomseq_10kb_orf_10, randomseq_10kb_orf_11, randomseq_10kb_orf_12, randomseq_10kb_orf_290"
10,randomseq_10kb_orf_11,460,606,Sense +1,Sense,144,48,459,603,460,606,"randomseq_10kb_orf_10, randomseq_10kb_orf_12, randomseq_10kb_orf_13, randomseq_10kb_orf_288, randomseq_10kb_orf_289, randomseq_10kb_orf_290, randomseq_10kb_orf_291"
289,randomseq_10kb_orf_290,489,551,Antisense +3,Antisense,60,20,9449,9509,551,489,"randomseq_10kb_orf_10, randomseq_10kb_orf_11, randomseq_10kb_orf_12, randomseq_10kb_orf_13, randomseq_10kb_orf_291"
11,randomseq_10kb_orf_12,491,559,Sense +2,Sense,66,22,490,556,491,559,"randomseq_10kb_orf_10, randomseq_10kb_orf_11, randomseq_10kb_orf_13, randomseq_10kb_orf_290, randomseq_10kb_orf_291"
12,randomseq_10kb_orf_13,519,584,Sense +3,Sense,63,21,518,581,519,584,"randomseq_10kb_orf_10, randomseq_10kb_orf_11, randomseq_10kb_orf_12, randomseq_10kb_orf_290"
288,randomseq_10kb_orf_289,589,672,Antisense +2,Antisense,81,27,9328,9409,672,589,"randomseq_10kb_orf_10, randomseq_10kb_orf_11, randomseq_10kb_orf_288"
287,randomseq_10kb_orf_288,589,804,Antisense +2,Antisense,213,71,9196,9409,804,589,"randomseq_10kb_orf_10, randomseq_10kb_orf_11, randomseq_10kb_orf_14, randomseq_10kb_orf_289"
13,randomseq_10kb_orf_14,706,750,Sense +1,Sense,42,14,705,747,706,750,randomseq_10kb_orf_288
14,randomseq_10kb_orf_15,894,920,Sense +3,Sense,24,8,893,917,894,920,randomseq_10kb_orf_16
15,randomseq_10kb_orf_16,915,920,Sense +3,Sense,3,1,914,917,915,920,randomseq_10kb_orf_15
285,randomseq_10kb_orf_286,1009,1128,Antisense +2,Antisense,117,39,8872,8989,1128,1009,"randomseq_10kb_orf_17, randomseq_10kb_orf_283, randomseq_10kb_orf_284, randomseq_10kb_orf_285, randomseq_10kb_orf_287"
286,randomseq_10kb_orf_287,1009,1071,Antisense +2,Antisense,60,20,8929,8989,1071,1009,randomseq_10kb_orf_286
282,randomseq_10kb_orf_283,1079,1252,Antisense +1,Antisense,171,57,8748,8919,1252,1079,"randomseq_10kb_orf_17, randomseq_10kb_orf_18, randomseq_10kb_orf_284, randomseq_10kb_orf_285, randomseq_10kb_orf_286"
283,randomseq_10kb_orf_284,1079,1246,Antisense +1,Antisense,165,55,8754,8919,1246,1079,"randomseq_10kb_orf_17, randomseq_10kb_orf_18, randomseq_10kb_orf_283, randomseq_10kb_orf_285, randomseq_10kb_orf_286"
16,randomseq_10kb_orf_17,1091,1216,Sense +2,Sense,123,41,1090,1213,1091,1216,"randomseq_10kb_orf_18, randomseq_10kb_orf_283, randomseq_10kb_orf_284, randomseq_10kb_orf_285, randomseq_10kb_orf_286"
284,randomseq_10kb_orf_285,1125,1163,Antisense +3,Antisense,36,12,8837,8873,1163,1125,"randomseq_10kb_orf_17, randomseq_10kb_orf_283, randomseq_10kb_orf_284, randomseq_10kb_orf_286"
17,randomseq_10kb_orf_18,1180,1197,Sense +1,Sense,15,5,1179,1194,1180,1197,"randomseq_10kb_orf_17, randomseq_10kb_orf_283, randomseq_10kb_orf_284"
18,randomseq_10kb_orf_19,1269,1295,Sense +3,Sense,24,8,1268,1292,1269,1295,randomseq_10kb_orf_20
19,randomseq_10kb_orf_20,1276,1314,Sense +1,Sense,36,12,1275,1311,1276,1314,"randomseq_10kb_orf_19, randomseq_10kb_orf_21"
20,randomseq_10kb_orf_21,1308,1481,Sense +3,Sense,171,57,1307,1478,1308,1481,"randomseq_10kb_orf_20, randomseq_10kb_orf_22, randomseq_10kb_orf_23, randomseq_10kb_orf_280, randomseq_10kb_orf_281, randomseq_10kb_orf_282"
281,randomseq_10kb_orf_282,1335,1370,Antisense +3,Antisense,33,11,8630,8663,1370,1335,"randomseq_10kb_orf_21, randomseq_10kb_orf_22"
21,randomseq_10kb_orf_22,1369,1383,Sense +1,Sense,12,4,1368,1380,1369,1383,"randomseq_10kb_orf_21, randomseq_10kb_orf_282"
280,randomseq_10kb_orf_281,1388,1396,Antisense +1,Antisense,6,2,8604,8610,1396,1388,randomseq_10kb_orf_21
22,randomseq_10kb_orf_23,1431,1481,Sense +3,Sense,48,16,1430,1478,1431,1481,"randomseq_10kb_orf_21, randomseq_10kb_orf_280"
279,randomseq_10kb_orf_280,1467,1475,Antisense +3,Antisense,6,2,8525,8531,1475,1467,"randomseq_10kb_orf_21, randomseq_10kb_orf_23"
277,randomseq_10kb_orf_278,1521,1574,Antisense +3,Antisense,51,17,8426,8477,1574,1521,"randomseq_10kb_orf_24, randomseq_10kb_orf_25, randomseq_10kb_orf_279"
278,randomseq_10kb_orf_279,1521,1568,Antisense +3,Antisense,45,15,8432,8477,1568,1521,"randomseq_10kb_orf_24, randomseq_10kb_orf_25, randomseq_10kb_orf_278"
23,randomseq_10kb_orf_24,1547,1576,Sense +2,Sense,27,9,1546,1573,1547,1576,"randomseq_10kb_orf_25, randomseq_10kb_orf_278, randomseq_10kb_orf_279"
24,randomseq_10kb_orf_25,1551,1703,Sense +3,Sense,150,50,1550,1700,1551,1703,"randomseq_10kb_orf_24, randomseq_10kb_orf_26, randomseq_10kb_orf_275, randomseq_10kb_orf_276, randomseq_10kb_orf_277, randomseq_10kb_orf_278, randomseq_10kb_orf_279"
25,randomseq_10kb_orf_26,1578,1703,Sense +3,Sense,123,41,1577,1700,1578,1703,"randomseq_10kb_orf_25, randomseq_10kb_orf_275, randomseq_10kb_orf_276, randomseq_10kb_orf_277"
276,randomseq_10kb_orf_277,1610,1621,Antisense +1,Antisense,9,3,8379,8388,1621,1610,"randomseq_10kb_orf_25, randomseq_10kb_orf_26"
274,randomseq_10kb_orf_275,1663,1728,Antisense +2,Antisense,63,21,8272,8335,1728,1663,"randomseq_10kb_orf_25, randomseq_10kb_orf_26, randomseq_10kb_orf_276"
275,randomseq_10kb_orf_276,1663,1725,Antisense +2,Antisense,60,20,8275,8335,1725,1663,"randomseq_10kb_orf_25, randomseq_10kb_orf_26, randomseq_10kb_orf_275"
273,randomseq_10kb_orf_274,1733,1762,Antisense +1,Antisense,27,9,8238,8265,1762,1733,None
26,randomseq_10kb_orf_27,1856,1993,Sense +2,Sense,135,45,1855,1990,1856,1993,"randomseq_10kb_orf_28, randomseq_10kb_orf_273"
27,randomseq_10kb_orf_28,1916,1993,Sense +2,Sense,75,25,1915,1990,1916,1993,"randomseq_10kb_orf_27, randomseq_10kb_orf_273"
272,randomseq_10kb_orf_273,1986,2057,Antisense +3,Antisense,69,23,7943,8012,2057,1986,"randomseq_10kb_orf_27, randomseq_10kb_orf_28"
271,randomseq_10kb_orf_272,2088,2096,Antisense +3,Antisense,6,2,7904,7910,2096,2088,None
28,randomseq_10kb_orf_29,2123,2146,Sense +2,Sense,21,7,2122,2143,2123,2146,None
269,randomseq_10kb_orf_270,2224,2307,Antisense +2,Antisense,81,27,7693,7774,2307,2224,"randomseq_10kb_orf_30, randomseq_10kb_orf_31, randomseq_10kb_orf_32, randomseq_10kb_orf_268, randomseq_10kb_orf_269, randomseq_10kb_orf_271"
270,randomseq_10kb_orf_271,2224,2265,Antisense +2,Antisense,39,13,7735,7774,2265,2224,"randomseq_10kb_orf_30, randomseq_10kb_orf_269, randomseq_10kb_orf_270"
268,randomseq_10kb_orf_269,2231,2326,Antisense +1,Antisense,93,31,7674,7767,2326,2231,"randomseq_10kb_orf_30, randomseq_10kb_orf_31, randomseq_10kb_orf_32, randomseq_10kb_orf_268, randomseq_10kb_orf_270, randomseq_10kb_orf_271"
29,randomseq_10kb_orf_30,2253,2282,Sense +3,Sense,27,9,2252,2279,2253,2282,"randomseq_10kb_orf_268, randomseq_10kb_orf_269, randomseq_10kb_orf_270, randomseq_10kb_orf_271"
267,randomseq_10kb_orf_268,2265,2387,Antisense +3,Antisense,120,40,7613,7733,2387,2265,"randomseq_10kb_orf_30, randomseq_10kb_orf_31, randomseq_10kb_orf_32, randomseq_10kb_orf_33, randomseq_10kb_orf_269, randomseq_10kb_orf_270"
30,randomseq_10kb_orf_31,2298,2585,Sense +3,Sense,285,95,2297,2582,2298,2585,"randomseq_10kb_orf_32, randomseq_10kb_orf_33, randomseq_10kb_orf_34, randomseq_10kb_orf_35, randomseq_10kb_orf_36, randomseq_10kb_orf_37, randomseq_10kb_orf_266, randomseq_10kb_orf_267, randomseq_10kb_orf_268, randomseq_10kb_orf_269, randomseq_10kb_orf_270"
31,randomseq_10kb_orf_32,2306,2374,Sense +2,Sense,66,22,2305,2371,2306,2374,"randomseq_10kb_orf_31, randomseq_10kb_orf_268, randomseq_10kb_orf_269, randomseq_10kb_orf_270"
32,randomseq_10kb_orf_33,2377,2409,Sense +1,Sense,30,10,2376,2406,2377,2409,"randomseq_10kb_orf_31, randomseq_10kb_orf_34, randomseq_10kb_orf_268"
33,randomseq_10kb_orf_34,2406,2585,Sense +3,Sense,177,59,2405,2582,2406,2585,"randomseq_10kb_orf_31, randomseq_10kb_orf_33, randomseq_10kb_orf_35, randomseq_10kb_orf_36, randomseq_10kb_orf_37, randomseq_10kb_orf_266, randomseq_10kb_orf_267"
266,randomseq_10kb_orf_267,2413,2445,Antisense +2,Antisense,30,10,7555,7585,2445,2413,"randomseq_10kb_orf_31, randomseq_10kb_orf_34, randomseq_10kb_orf_35, randomseq_10kb_orf_266"
265,randomseq_10kb_orf_266,2442,2492,Antisense +3,Antisense,48,16,7508,7556,2492,2442,"randomseq_10kb_orf_31, randomseq_10kb_orf_34, randomseq_10kb_orf_35, randomseq_10kb_orf_36, randomseq_10kb_orf_267"
34,randomseq_10kb_orf_35,2444,2668,Sense +2,Sense,222,74,2443,2665,2444,2668,"randomseq_10kb_orf_31, randomseq_10kb_orf_34, randomseq_10kb_orf_36, randomseq_10kb_orf_37, randomseq_10kb_orf_38, randomseq_10kb_orf_39, randomseq_10kb_orf_265, randomseq_10kb_orf_266, randomseq_10kb_orf_267"
35,randomseq_10kb_orf_36,2470,2529,Sense +1,Sense,57,19,2469,2526,2470,2529,"randomseq_10kb_orf_31, randomseq_10kb_orf_34, randomseq_10kb_orf_35, randomseq_10kb_orf_37, randomseq_10kb_orf_266"
36,randomseq_10kb_orf_37,2493,2585,Sense +3,Sense,90,30,2492,2582,2493,2585,"randomseq_10kb_orf_31, randomseq_10kb_orf_34, randomseq_10kb_orf_35, randomseq_10kb_orf_36"
37,randomseq_10kb_orf_38,2585,2668,Sense +2,Sense,81,27,2584,2665,2585,2668,"randomseq_10kb_orf_35, randomseq_10kb_orf_39, randomseq_10kb_orf_265"
264,randomseq_10kb_orf_265,2590,2682,Antisense +2,Antisense,90,30,7318,7408,2682,2590,"randomseq_10kb_orf_35, randomseq_10kb_orf_38, randomseq_10kb_orf_39, randomseq_10kb_orf_40"
38,randomseq_10kb_orf_39,2614,2625,Sense +1,Sense,9,3,2613,2622,2614,2625,"randomseq_10kb_orf_35, randomseq_10kb_orf_38, randomseq_10kb_orf_265"
39,randomseq_10kb_orf_40,2681,2689,Sense +2,Sense,6,2,2680,2686,2681,2689,"randomseq_10kb_orf_263, randomseq_10kb_orf_264, randomseq_10kb_orf_265"
262,randomseq_10kb_orf_263,2686,2727,Antisense +2,Antisense,39,13,7273,7312,2727,2686,"randomseq_10kb_orf_40, randomseq_10kb_orf_261, randomseq_10kb_orf_264"
263,randomseq_10kb_orf_264,2686,2703,Antisense +2,Antisense,15,5,7297,7312,2703,2686,"randomseq_10kb_orf_40, randomseq_10kb_orf_263"
260,randomseq_10kb_orf_261,2724,2807,Antisense +3,Antisense,81,27,7193,7274,2807,2724,"randomseq_10kb_orf_41, randomseq_10kb_orf_262, randomseq_10kb_orf_263"
261,randomseq_10kb_orf_262,2735,2740,Antisense +1,Antisense,3,1,7260,7263,2740,2735,randomseq_10kb_orf_261
40,randomseq_10kb_orf_41,2767,2874,Sense +1,Sense,105,35,2766,2871,2767,2874,"randomseq_10kb_orf_42, randomseq_10kb_orf_256, randomseq_10kb_orf_258, randomseq_10kb_orf_259, randomseq_10kb_orf_260, randomseq_10kb_orf_261"
259,randomseq_10kb_orf_260,2807,2812,Antisense +1,Antisense,3,1,7188,7191,2812,2807,"randomseq_10kb_orf_41, randomseq_10kb_orf_258"
257,randomseq_10kb_orf_258,2807,2830,Antisense +1,Antisense,21,7,7170,7191,2830,2807,"randomseq_10kb_orf_41, randomseq_10kb_orf_256, randomseq_10kb_orf_259, randomseq_10kb_orf_260"
258,randomseq_10kb_orf_259,2815,2826,Antisense +2,Antisense,9,3,7174,7183,2826,2815,"randomseq_10kb_orf_41, randomseq_10kb_orf_256, randomseq_10kb_orf_258"
255,randomseq_10kb_orf_256,2815,2970,Antisense +2,Antisense,153,51,7030,7183,2970,2815,"randomseq_10kb_orf_41, randomseq_10kb_orf_42, randomseq_10kb_orf_43, randomseq_10kb_orf_257, randomseq_10kb_orf_258, randomseq_10kb_orf_259"
41,randomseq_10kb_orf_42,2843,2950,Sense +2,Sense,105,35,2842,2947,2843,2950,"randomseq_10kb_orf_41, randomseq_10kb_orf_256"
256,randomseq_10kb_orf_257,2951,2956,Antisense +1,Antisense,3,1,7044,7047,2956,2951,randomseq_10kb_orf_256
42,randomseq_10kb_orf_43,2959,2991,Sense +1,Sense,30,10,2958,2988,2959,2991,randomseq_10kb_orf_256
253,randomseq_10kb_orf_254,3005,3208,Antisense +1,Antisense,201,67,6792,6993,3208,3005,"randomseq_10kb_orf_44, randomseq_10kb_orf_45, randomseq_10kb_orf_46, randomseq_10kb_orf_47, randomseq_10kb_orf_255"
43,randomseq_10kb_orf_44,3008,3016,Sense +2,Sense,6,2,3007,3013,3008,3016,randomseq_10kb_orf_254
254,randomseq_10kb_orf_255,3112,3144,Antisense +2,Antisense,30,10,6856,6886,3144,3112,"randomseq_10kb_orf_45, randomseq_10kb_orf_254"
44,randomseq_10kb_orf_45,3129,3227,Sense +3,Sense,96,32,3128,3224,3129,3227,"randomseq_10kb_orf_46, randomseq_10kb_orf_47, randomseq_10kb_orf_254, randomseq_10kb_orf_255"
45,randomseq_10kb_orf_46,3145,3156,Sense +1,Sense,9,3,3144,3153,3145,3156,"randomseq_10kb_orf_45, randomseq_10kb_orf_47, randomseq_10kb_orf_254"
46,randomseq_10kb_orf_47,3150,3227,Sense +3,Sense,75,25,3149,3224,3150,3227,"randomseq_10kb_orf_45, randomseq_10kb_orf_46, randomseq_10kb_orf_254"
251,randomseq_10kb_orf_252,3293,3379,Antisense +1,Antisense,84,28,6621,6705,3379,3293,randomseq_10kb_orf_253
252,randomseq_10kb_orf_253,3301,3312,Antisense +2,Antisense,9,3,6688,6697,3312,3301,randomseq_10kb_orf_252
250,randomseq_10kb_orf_251,3390,3443,Antisense +3,Antisense,51,17,6557,6608,3443,3390,None
47,randomseq_10kb_orf_48,3446,3454,Sense +2,Sense,6,2,3445,3451,3446,3454,None
248,randomseq_10kb_orf_249,3533,3568,Antisense +1,Antisense,33,11,6432,6465,3568,3533,randomseq_10kb_orf_250
249,randomseq_10kb_orf_250,3550,3558,Antisense +2,Antisense,6,2,6442,6448,3558,3550,randomseq_10kb_orf_249
48,randomseq_10kb_orf_49,3591,3632,Sense +3,Sense,39,13,3590,3629,3591,3632,"randomseq_10kb_orf_50, randomseq_10kb_orf_240, randomseq_10kb_orf_241, randomseq_10kb_orf_243, randomseq_10kb_orf_245, randomseq_10kb_orf_246, randomseq_10kb_orf_247, randomseq_10kb_orf_248"
239,randomseq_10kb_orf_240,3598,3843,Antisense +2,Antisense,243,81,6157,6400,3843,3598,"randomseq_10kb_orf_49, randomseq_10kb_orf_50, randomseq_10kb_orf_51, randomseq_10kb_orf_52, randomseq_10kb_orf_53, randomseq_10kb_orf_54, randomseq_10kb_orf_55, randomseq_10kb_orf_239, randomseq_10kb_orf_241, randomseq_10kb_orf_242, randomseq_10kb_orf_243, randomseq_10kb_orf_244, randomseq_10kb_orf_245, randomseq_10kb_orf_246, randomseq_10kb_orf_247, randomseq_10kb_orf_248"
240,randomseq_10kb_orf_241,3598,3786,Antisense +2,Antisense,186,62,6214,6400,3786,3598,"randomseq_10kb_orf_49, randomseq_10kb_orf_50, randomseq_10kb_orf_51, randomseq_10kb_orf_52, randomseq_10kb_orf_53, randomseq_10kb_orf_54, randomseq_10kb_orf_239, randomseq_10kb_orf_240, randomseq_10kb_orf_242, randomseq_10kb_orf_243, randomseq_10kb_orf_244, randomseq_10kb_orf_245, randomseq_10kb_orf_246, randomseq_10kb_orf_247, randomseq_10kb_orf_248"
245,randomseq_10kb_orf_246,3598,3627,Antisense +2,Antisense,27,9,6373,6400,3627,3598,"randomseq_10kb_orf_49, randomseq_10kb_orf_50, randomseq_10kb_orf_240, randomseq_10kb_orf_241, randomseq_10kb_orf_243, randomseq_10kb_orf_245, randomseq_10kb_orf_247, randomseq_10kb_orf_248"
242,randomseq_10kb_orf_243,3598,3738,Antisense +2,Antisense,138,46,6262,6400,3738,3598,"randomseq_10kb_orf_49, randomseq_10kb_orf_50, randomseq_10kb_orf_51, randomseq_10kb_orf_52, randomseq_10kb_orf_53, randomseq_10kb_orf_54, randomseq_10kb_orf_240, randomseq_10kb_orf_241, randomseq_10kb_orf_244, randomseq_10kb_orf_245, randomseq_10kb_orf_246, randomseq_10kb_orf_247, randomseq_10kb_orf_248"
247,randomseq_10kb_orf_248,3598,3603,Antisense +2,Antisense,3,1,6397,6400,3603,3598,"randomseq_10kb_orf_49, randomseq_10kb_orf_240, randomseq_10kb_orf_241, randomseq_10kb_orf_243, randomseq_10kb_orf_246"
246,randomseq_10kb_orf_247,3605,3619,Antisense +1,Antisense,12,4,6381,6393,3619,3605,"randomseq_10kb_orf_49, randomseq_10kb_orf_50, randomseq_10kb_orf_240, randomseq_10kb_orf_241, randomseq_10kb_orf_243, randomseq_10kb_orf_246"
49,randomseq_10kb_orf_50,3614,3667,Sense +2,Sense,51,17,3613,3664,3614,3667,"randomseq_10kb_orf_49, randomseq_10kb_orf_51, randomseq_10kb_orf_240, randomseq_10kb_orf_241, randomseq_10kb_orf_243, randomseq_10kb_orf_245, randomseq_10kb_orf_246, randomseq_10kb_orf_247"
244,randomseq_10kb_orf_245,3624,3644,Antisense +3,Antisense,18,6,6356,6374,3644,3624,"randomseq_10kb_orf_49, randomseq_10kb_orf_50, randomseq_10kb_orf_240, randomseq_10kb_orf_241, randomseq_10kb_orf_243, randomseq_10kb_orf_246"
50,randomseq_10kb_orf_51,3651,3752,Sense +3,Sense,99,33,3650,3749,3651,3752,"randomseq_10kb_orf_50, randomseq_10kb_orf_52, randomseq_10kb_orf_53, randomseq_10kb_orf_54, randomseq_10kb_orf_240, randomseq_10kb_orf_241, randomseq_10kb_orf_242, randomseq_10kb_orf_243, randomseq_10kb_orf_244"
243,randomseq_10kb_orf_244,3669,3728,Antisense +3,Antisense,57,19,6272,6329,3728,3669,"randomseq_10kb_orf_51, randomseq_10kb_orf_52, randomseq_10kb_orf_53, randomseq_10kb_orf_54, randomseq_10kb_orf_240, randomseq_10kb_orf_241, randomseq_10kb_orf_243"
51,randomseq_10kb_orf_52,3682,3741,Sense +1,Sense,57,19,3681,3738,3682,3741,"randomseq_10kb_orf_51, randomseq_10kb_orf_53, randomseq_10kb_orf_54, randomseq_10kb_orf_240, randomseq_10kb_orf_241, randomseq_10kb_orf_242, randomseq_10kb_orf_243, randomseq_10kb_orf_244"
52,randomseq_10kb_orf_53,3707,3850,Sense +2,Sense,141,47,3706,3847,3707,3850,"randomseq_10kb_orf_51, randomseq_10kb_orf_52, randomseq_10kb_orf_54, randomseq_10kb_orf_55, randomseq_10kb_orf_239, randomseq_10kb_orf_240, randomseq_10kb_orf_241, randomseq_10kb_orf_242, randomseq_10kb_orf_243, randomseq_10kb_orf_244"
53,randomseq_10kb_orf_54,3713,3850,Sense +2,Sense,135,45,3712,3847,3713,3850,"randomseq_10kb_orf_51, randomseq_10kb_orf_52, randomseq_10kb_orf_53, randomseq_10kb_orf_55, randomseq_10kb_orf_239, randomseq_10kb_orf_240, randomseq_10kb_orf_241, randomseq_10kb_orf_242, randomseq_10kb_orf_243, randomseq_10kb_orf_244"
241,randomseq_10kb_orf_242,3738,3773,Antisense +3,Antisense,33,11,6227,6260,3773,3738,"randomseq_10kb_orf_51, randomseq_10kb_orf_52, randomseq_10kb_orf_53, randomseq_10kb_orf_54, randomseq_10kb_orf_240, randomseq_10kb_orf_241"
238,randomseq_10kb_orf_239,3776,3862,Antisense +1,Antisense,84,28,6138,6222,3862,3776,"randomseq_10kb_orf_53, randomseq_10kb_orf_54, randomseq_10kb_orf_55, randomseq_10kb_orf_240, randomseq_10kb_orf_241"
54,randomseq_10kb_orf_55,3842,3850,Sense +2,Sense,6,2,3841,3847,3842,3850,"randomseq_10kb_orf_53, randomseq_10kb_orf_54, randomseq_10kb_orf_239, randomseq_10kb_orf_240"
55,randomseq_10kb_orf_56,3868,4041,Sense +1,Sense,171,57,3867,4038,3868,4041,"randomseq_10kb_orf_57, randomseq_10kb_orf_236, randomseq_10kb_orf_237, randomseq_10kb_orf_238"
56,randomseq_10kb_orf_57,3892,4041,Sense +1,Sense,147,49,3891,4038,3892,4041,"randomseq_10kb_orf_56, randomseq_10kb_orf_236, randomseq_10kb_orf_237, randomseq_10kb_orf_238"
237,randomseq_10kb_orf_238,3929,4000,Antisense +1,Antisense,69,23,6000,6069,4000,3929,"randomseq_10kb_orf_56, randomseq_10kb_orf_57"
235,randomseq_10kb_orf_236,4016,4105,Antisense +1,Antisense,87,29,5895,5982,4105,4016,"randomseq_10kb_orf_56, randomseq_10kb_orf_57, randomseq_10kb_orf_58, randomseq_10kb_orf_237"
236,randomseq_10kb_orf_237,4016,4069,Antisense +1,Antisense,51,17,5931,5982,4069,4016,"randomseq_10kb_orf_56, randomseq_10kb_orf_57, randomseq_10kb_orf_236"
57,randomseq_10kb_orf_58,4104,4142,Sense +3,Sense,36,12,4103,4139,4104,4142,randomseq_10kb_orf_236
58,randomseq_10kb_orf_59,4151,4165,Sense +2,Sense,12,4,4150,4162,4151,4165,"randomseq_10kb_orf_60, randomseq_10kb_orf_235"
234,randomseq_10kb_orf_235,4157,4246,Antisense +1,Antisense,87,29,5754,5841,4246,4157,"randomseq_10kb_orf_59, randomseq_10kb_orf_60"
59,randomseq_10kb_orf_60,4162,4188,Sense +1,Sense,24,8,4161,4185,4162,4188,"randomseq_10kb_orf_59, randomseq_10kb_orf_235"
232,randomseq_10kb_orf_233,4246,4374,Antisense +2,Antisense,126,42,5626,5752,4374,4246,"randomseq_10kb_orf_61, randomseq_10kb_orf_234"
233,randomseq_10kb_orf_234,4246,4299,Antisense +2,Antisense,51,17,5701,5752,4299,4246,"randomseq_10kb_orf_61, randomseq_10kb_orf_233"
60,randomseq_10kb_orf_61,4249,4266,Sense +1,Sense,15,5,4248,4263,4249,4266,"randomseq_10kb_orf_233, randomseq_10kb_orf_234"
61,randomseq_10kb_orf_62,4401,4427,Sense +3,Sense,24,8,4400,4424,4401,4427,None
231,randomseq_10kb_orf_232,4460,4474,Antisense +1,Antisense,12,4,5526,5538,4474,4460,randomseq_10kb_orf_63
62,randomseq_10kb_orf_63,4464,4511,Sense +3,Sense,45,15,4463,4508,4464,4511,"randomseq_10kb_orf_64, randomseq_10kb_orf_65, randomseq_10kb_orf_230, randomseq_10kb_orf_231, randomseq_10kb_orf_232"
230,randomseq_10kb_orf_231,4474,4494,Antisense +2,Antisense,18,6,5506,5524,4494,4474,"randomseq_10kb_orf_63, randomseq_10kb_orf_64, randomseq_10kb_orf_230"
229,randomseq_10kb_orf_230,4474,4554,Antisense +2,Antisense,78,26,5446,5524,4554,4474,"randomseq_10kb_orf_63, randomseq_10kb_orf_64, randomseq_10kb_orf_65, randomseq_10kb_orf_66, randomseq_10kb_orf_231"
63,randomseq_10kb_orf_64,4478,4558,Sense +2,Sense,78,26,4477,4555,4478,4558,"randomseq_10kb_orf_63, randomseq_10kb_orf_65, randomseq_10kb_orf_66, randomseq_10kb_orf_230, randomseq_10kb_orf_231"
64,randomseq_10kb_orf_65,4495,4506,Sense +1,Sense,9,3,4494,4503,4495,4506,"randomseq_10kb_orf_63, randomseq_10kb_orf_64, randomseq_10kb_orf_230"
65,randomseq_10kb_orf_66,4553,4558,Sense +2,Sense,3,1,4552,4555,4553,4558,"randomseq_10kb_orf_64, randomseq_10kb_orf_230"
228,randomseq_10kb_orf_229,4592,4636,Antisense +1,Antisense,42,14,5364,5406,4636,4592,"randomseq_10kb_orf_67, randomseq_10kb_orf_227, randomseq_10kb_orf_228"
226,randomseq_10kb_orf_227,4592,4669,Antisense +1,Antisense,75,25,5331,5406,4669,4592,"randomseq_10kb_orf_67, randomseq_10kb_orf_226, randomseq_10kb_orf_228, randomseq_10kb_orf_229"
66,randomseq_10kb_orf_67,4597,4638,Sense +1,Sense,39,13,4596,4635,4597,4638,"randomseq_10kb_orf_227, randomseq_10kb_orf_228, randomseq_10kb_orf_229"
227,randomseq_10kb_orf_228,4615,4647,Antisense +2,Antisense,30,10,5353,5383,4647,4615,"randomseq_10kb_orf_67, randomseq_10kb_orf_227, randomseq_10kb_orf_229"
225,randomseq_10kb_orf_226,4648,4746,Antisense +2,Antisense,96,32,5254,5350,4746,4648,"randomseq_10kb_orf_68, randomseq_10kb_orf_224, randomseq_10kb_orf_225, randomseq_10kb_orf_227"
67,randomseq_10kb_orf_68,4693,4725,Sense +1,Sense,30,10,4692,4722,4693,4725,"randomseq_10kb_orf_224, randomseq_10kb_orf_225, randomseq_10kb_orf_226"
224,randomseq_10kb_orf_225,4704,4850,Antisense +3,Antisense,144,48,5150,5294,4850,4704,"randomseq_10kb_orf_68, randomseq_10kb_orf_224, randomseq_10kb_orf_226"
223,randomseq_10kb_orf_224,4704,4874,Antisense +3,Antisense,168,56,5126,5294,4874,4704,"randomseq_10kb_orf_68, randomseq_10kb_orf_69, randomseq_10kb_orf_70, randomseq_10kb_orf_225, randomseq_10kb_orf_226"
68,randomseq_10kb_orf_69,4851,4952,Sense +3,Sense,99,33,4850,4949,4851,4952,"randomseq_10kb_orf_70, randomseq_10kb_orf_223, randomseq_10kb_orf_224"
69,randomseq_10kb_orf_70,4873,4959,Sense +1,Sense,84,28,4872,4956,4873,4959,"randomseq_10kb_orf_69, randomseq_10kb_orf_71, randomseq_10kb_orf_223, randomseq_10kb_orf_224"
222,randomseq_10kb_orf_223,4949,4957,Antisense +1,Antisense,6,2,5043,5049,4957,4949,"randomseq_10kb_orf_69, randomseq_10kb_orf_70, randomseq_10kb_orf_71"
70,randomseq_10kb_orf_71,4956,4994,Sense +3,Sense,36,12,4955,4991,4956,4994,"randomseq_10kb_orf_70, randomseq_10kb_orf_223"
221,randomseq_10kb_orf_222,5006,5023,Antisense +1,Antisense,15,5,4977,4992,5023,5006,None
220,randomseq_10kb_orf_221,5057,5086,Antisense +1,Antisense,27,9,4914,4941,5086,5057,randomseq_10kb_orf_72
71,randomseq_10kb_orf_72,5085,5108,Sense +3,Sense,21,7,5084,5105,5085,5108,randomseq_10kb_orf_221
219,randomseq_10kb_orf_220,5112,5129,Antisense +3,Antisense,15,5,4871,4886,5129,5112,None
218,randomseq_10kb_orf_219,5129,5143,Antisense +1,Antisense,12,4,4857,4869,5143,5129,None
216,randomseq_10kb_orf_217,5291,5422,Antisense +1,Antisense,129,43,4578,4707,5422,5291,"randomseq_10kb_orf_73, randomseq_10kb_orf_74, randomseq_10kb_orf_75, randomseq_10kb_orf_216, randomseq_10kb_orf_218"
217,randomseq_10kb_orf_218,5291,5302,Antisense +1,Antisense,9,3,4698,4707,5302,5291,randomseq_10kb_orf_217
72,randomseq_10kb_orf_73,5320,5376,Sense +1,Sense,54,18,5319,5373,5320,5376,"randomseq_10kb_orf_74, randomseq_10kb_orf_216, randomseq_10kb_orf_217"
73,randomseq_10kb_orf_74,5337,5387,Sense +3,Sense,48,16,5336,5384,5337,5387,"randomseq_10kb_orf_73, randomseq_10kb_orf_216, randomseq_10kb_orf_217"
215,randomseq_10kb_orf_216,5373,5471,Antisense +3,Antisense,96,32,4529,4625,5471,5373,"randomseq_10kb_orf_73, randomseq_10kb_orf_74, randomseq_10kb_orf_75, randomseq_10kb_orf_217"
74,randomseq_10kb_orf_75,5408,5428,Sense +2,Sense,18,6,5407,5425,5408,5428,"randomseq_10kb_orf_216, randomseq_10kb_orf_217"
75,randomseq_10kb_orf_76,5528,5596,Sense +2,Sense,66,22,5527,5593,5528,5596,randomseq_10kb_orf_77
76,randomseq_10kb_orf_77,5559,5642,Sense +3,Sense,81,27,5558,5639,5559,5642,"randomseq_10kb_orf_76, randomseq_10kb_orf_78"
77,randomseq_10kb_orf_78,5607,5642,Sense +3,Sense,33,11,5606,5639,5607,5642,randomseq_10kb_orf_77
78,randomseq_10kb_orf_79,5801,5845,Sense +2,Sense,42,14,5800,5842,5801,5845,None
214,randomseq_10kb_orf_215,5925,5960,Antisense +3,Antisense,33,11,4040,4073,5960,5925,randomseq_10kb_orf_80
79,randomseq_10kb_orf_80,5947,5955,Sense +1,Sense,6,2,5946,5952,5947,5955,randomseq_10kb_orf_215
80,randomseq_10kb_orf_81,5994,6209,Sense +3,Sense,213,71,5993,6206,5994,6209,"randomseq_10kb_orf_82, randomseq_10kb_orf_212, randomseq_10kb_orf_213, randomseq_10kb_orf_214"
213,randomseq_10kb_orf_214,6063,6071,Antisense +3,Antisense,6,2,3929,3935,6071,6063,randomseq_10kb_orf_81
212,randomseq_10kb_orf_213,6088,6108,Antisense +2,Antisense,18,6,3892,3910,6108,6088,randomseq_10kb_orf_81
211,randomseq_10kb_orf_212,6109,6378,Antisense +2,Antisense,267,89,3622,3889,6378,6109,"randomseq_10kb_orf_81, randomseq_10kb_orf_82"
81,randomseq_10kb_orf_82,6138,6209,Sense +3,Sense,69,23,6137,6206,6138,6209,"randomseq_10kb_orf_81, randomseq_10kb_orf_212"
82,randomseq_10kb_orf_83,6407,6439,Sense +2,Sense,30,10,6406,6436,6407,6439,"randomseq_10kb_orf_210, randomseq_10kb_orf_211"
210,randomseq_10kb_orf_211,6426,6449,Antisense +3,Antisense,21,7,3551,3572,6449,6426,"randomseq_10kb_orf_83, randomseq_10kb_orf_210"
209,randomseq_10kb_orf_210,6426,6647,Antisense +3,Antisense,219,73,3353,3572,6647,6426,"randomseq_10kb_orf_83, randomseq_10kb_orf_84, randomseq_10kb_orf_85, randomseq_10kb_orf_86, randomseq_10kb_orf_87, randomseq_10kb_orf_88, randomseq_10kb_orf_207, randomseq_10kb_orf_208, randomseq_10kb_orf_211"
83,randomseq_10kb_orf_84,6476,6550,Sense +2,Sense,72,24,6475,6547,6476,6550,"randomseq_10kb_orf_85, randomseq_10kb_orf_86, randomseq_10kb_orf_210"
84,randomseq_10kb_orf_85,6518,6550,Sense +2,Sense,30,10,6517,6547,6518,6550,"randomseq_10kb_orf_84, randomseq_10kb_orf_86, randomseq_10kb_orf_210"
85,randomseq_10kb_orf_86,6542,6550,Sense +2,Sense,6,2,6541,6547,6542,6550,"randomseq_10kb_orf_84, randomseq_10kb_orf_85, randomseq_10kb_orf_210"
86,randomseq_10kb_orf_87,6613,6702,Sense +1,Sense,87,29,6612,6699,6613,6702,"randomseq_10kb_orf_88, randomseq_10kb_orf_89, randomseq_10kb_orf_90, randomseq_10kb_orf_91, randomseq_10kb_orf_92, randomseq_10kb_orf_207, randomseq_10kb_orf_208, randomseq_10kb_orf_210"
207,randomseq_10kb_orf_208,6626,6730,Antisense +1,Antisense,102,34,3270,3372,6730,6626,"randomseq_10kb_orf_87, randomseq_10kb_orf_88, randomseq_10kb_orf_89, randomseq_10kb_orf_90, randomseq_10kb_orf_91, randomseq_10kb_orf_92, randomseq_10kb_orf_93, randomseq_10kb_orf_207, randomseq_10kb_orf_209, randomseq_10kb_orf_210"
206,randomseq_10kb_orf_207,6626,6745,Antisense +1,Antisense,117,39,3255,3372,6745,6626,"randomseq_10kb_orf_87, randomseq_10kb_orf_88, randomseq_10kb_orf_89, randomseq_10kb_orf_90, randomseq_10kb_orf_91, randomseq_10kb_orf_92, randomseq_10kb_orf_93, randomseq_10kb_orf_94, randomseq_10kb_orf_208, randomseq_10kb_orf_209, randomseq_10kb_orf_210"
87,randomseq_10kb_orf_88,6641,6649,Sense +2,Sense,6,2,6640,6646,6641,6649,"randomseq_10kb_orf_87, randomseq_10kb_orf_207, randomseq_10kb_orf_208, randomseq_10kb_orf_210"
88,randomseq_10kb_orf_89,6659,6676,Sense +2,Sense,15,5,6658,6673,6659,6676,"randomseq_10kb_orf_87, randomseq_10kb_orf_90, randomseq_10kb_orf_91, randomseq_10kb_orf_207, randomseq_10kb_orf_208"
89,randomseq_10kb_orf_90,6663,6668,Sense +3,Sense,3,1,6662,6665,6663,6668,"randomseq_10kb_orf_87, randomseq_10kb_orf_89, randomseq_10kb_orf_207, randomseq_10kb_orf_208"
90,randomseq_10kb_orf_91,6668,6676,Sense +2,Sense,6,2,6667,6673,6668,6676,"randomseq_10kb_orf_87, randomseq_10kb_orf_89, randomseq_10kb_orf_207, randomseq_10kb_orf_208"
91,randomseq_10kb_orf_92,6678,6725,Sense +3,Sense,45,15,6677,6722,6678,6725,"randomseq_10kb_orf_87, randomseq_10kb_orf_93, randomseq_10kb_orf_207, randomseq_10kb_orf_208, randomseq_10kb_orf_209"
92,randomseq_10kb_orf_93,6702,6725,Sense +3,Sense,21,7,6701,6722,6702,6725,"randomseq_10kb_orf_92, randomseq_10kb_orf_207, randomseq_10kb_orf_208, randomseq_10kb_orf_209"
208,randomseq_10kb_orf_209,6714,6722,Antisense +3,Antisense,6,2,3278,3284,6722,6714,"randomseq_10kb_orf_92, randomseq_10kb_orf_93, randomseq_10kb_orf_207, randomseq_10kb_orf_208"
93,randomseq_10kb_orf_94,6744,6779,Sense +3,Sense,33,11,6743,6776,6744,6779,randomseq_10kb_orf_207
94,randomseq_10kb_orf_95,6812,6856,Sense +2,Sense,42,14,6811,6853,6812,6856,None
95,randomseq_10kb_orf_96,6886,6942,Sense +1,Sense,54,18,6885,6939,6886,6942,randomseq_10kb_orf_97
96,randomseq_10kb_orf_97,6905,6937,Sense +2,Sense,30,10,6904,6934,6905,6937,randomseq_10kb_orf_96
97,randomseq_10kb_orf_98,7006,7059,Sense +1,Sense,51,17,7005,7056,7006,7059,None
205,randomseq_10kb_orf_206,7104,7166,Antisense +3,Antisense,60,20,2834,2894,7166,7104,None
98,randomseq_10kb_orf_99,7183,7188,Sense +1,Sense,3,1,7182,7185,7183,7188,None
204,randomseq_10kb_orf_205,7197,7244,Antisense +3,Antisense,45,15,2756,2801,7244,7197,"randomseq_10kb_orf_100, randomseq_10kb_orf_101"
99,randomseq_10kb_orf_100,7199,7375,Sense +2,Sense,174,58,7198,7372,7199,7375,"randomseq_10kb_orf_101, randomseq_10kb_orf_102, randomseq_10kb_orf_103, randomseq_10kb_orf_204, randomseq_10kb_orf_205"
100,randomseq_10kb_orf_101,7243,7251,Sense +1,Sense,6,2,7242,7248,7243,7251,"randomseq_10kb_orf_100, randomseq_10kb_orf_205"
101,randomseq_10kb_orf_102,7282,7311,Sense +1,Sense,27,9,7281,7308,7282,7311,"randomseq_10kb_orf_100, randomseq_10kb_orf_103"
102,randomseq_10kb_orf_103,7308,7361,Sense +3,Sense,51,17,7307,7358,7308,7361,"randomseq_10kb_orf_100, randomseq_10kb_orf_102, randomseq_10kb_orf_204"
203,randomseq_10kb_orf_204,7346,7414,Antisense +1,Antisense,66,22,2586,2652,7414,7346,"randomseq_10kb_orf_100, randomseq_10kb_orf_103"
103,randomseq_10kb_orf_104,7415,7522,Sense +2,Sense,105,35,7414,7519,7415,7522,"randomseq_10kb_orf_105, randomseq_10kb_orf_202, randomseq_10kb_orf_203"
201,randomseq_10kb_orf_202,7452,7475,Antisense +3,Antisense,21,7,2525,2546,7475,7452,"randomseq_10kb_orf_104, randomseq_10kb_orf_105, randomseq_10kb_orf_203"
202,randomseq_10kb_orf_203,7452,7472,Antisense +3,Antisense,18,6,2528,2546,7472,7452,"randomseq_10kb_orf_104, randomseq_10kb_orf_202"
104,randomseq_10kb_orf_105,7474,7488,Sense +1,Sense,12,4,7473,7485,7474,7488,"randomseq_10kb_orf_104, randomseq_10kb_orf_202"
105,randomseq_10kb_orf_106,7554,7649,Sense +3,Sense,93,31,7553,7646,7554,7649,"randomseq_10kb_orf_107, randomseq_10kb_orf_108, randomseq_10kb_orf_109, randomseq_10kb_orf_201"
200,randomseq_10kb_orf_201,7588,7686,Antisense +2,Antisense,96,32,2314,2410,7686,7588,"randomseq_10kb_orf_106, randomseq_10kb_orf_107, randomseq_10kb_orf_108, randomseq_10kb_orf_109, randomseq_10kb_orf_110, randomseq_10kb_orf_200"
106,randomseq_10kb_orf_107,7599,7649,Sense +3,Sense,48,16,7598,7646,7599,7649,"randomseq_10kb_orf_106, randomseq_10kb_orf_108, randomseq_10kb_orf_109, randomseq_10kb_orf_201"
107,randomseq_10kb_orf_108,7623,7649,Sense +3,Sense,24,8,7622,7646,7623,7649,"randomseq_10kb_orf_106, randomseq_10kb_orf_107, randomseq_10kb_orf_109, randomseq_10kb_orf_201"
108,randomseq_10kb_orf_109,7642,7743,Sense +1,Sense,99,33,7641,7740,7642,7743,"randomseq_10kb_orf_106, randomseq_10kb_orf_107, randomseq_10kb_orf_108, randomseq_10kb_orf_110, randomseq_10kb_orf_200, randomseq_10kb_orf_201"
109,randomseq_10kb_orf_110,7676,7693,Sense +2,Sense,15,5,7675,7690,7676,7693,"randomseq_10kb_orf_109, randomseq_10kb_orf_200, randomseq_10kb_orf_201"
199,randomseq_10kb_orf_200,7679,7696,Antisense +1,Antisense,15,5,2304,2319,7696,7679,"randomseq_10kb_orf_109, randomseq_10kb_orf_110, randomseq_10kb_orf_201"
110,randomseq_10kb_orf_111,7756,7836,Sense +1,Sense,78,26,7755,7833,7756,7836,"randomseq_10kb_orf_197, randomseq_10kb_orf_199"
198,randomseq_10kb_orf_199,7814,7867,Antisense +1,Antisense,51,17,2133,2184,7867,7814,"randomseq_10kb_orf_111, randomseq_10kb_orf_112, randomseq_10kb_orf_113, randomseq_10kb_orf_197, randomseq_10kb_orf_198"
196,randomseq_10kb_orf_197,7814,7981,Antisense +1,Antisense,165,55,2019,2184,7981,7814,"randomseq_10kb_orf_111, randomseq_10kb_orf_112, randomseq_10kb_orf_113, randomseq_10kb_orf_114, randomseq_10kb_orf_115, randomseq_10kb_orf_194, randomseq_10kb_orf_195, randomseq_10kb_orf_196, randomseq_10kb_orf_198, randomseq_10kb_orf_199"
111,randomseq_10kb_orf_112,7847,7903,Sense +2,Sense,54,18,7846,7900,7847,7903,"randomseq_10kb_orf_113, randomseq_10kb_orf_114, randomseq_10kb_orf_115, randomseq_10kb_orf_197, randomseq_10kb_orf_198, randomseq_10kb_orf_199"
197,randomseq_10kb_orf_198,7864,7953,Antisense +2,Antisense,87,29,2047,2134,7953,7864,"randomseq_10kb_orf_112, randomseq_10kb_orf_113, randomseq_10kb_orf_114, randomseq_10kb_orf_115, randomseq_10kb_orf_197, randomseq_10kb_orf_199"
112,randomseq_10kb_orf_113,7866,7940,Sense +3,Sense,72,24,7865,7937,7866,7940,"randomseq_10kb_orf_112, randomseq_10kb_orf_114, randomseq_10kb_orf_115, randomseq_10kb_orf_197, randomseq_10kb_orf_198, randomseq_10kb_orf_199"
113,randomseq_10kb_orf_114,7881,7940,Sense +3,Sense,57,19,7880,7937,7881,7940,"randomseq_10kb_orf_112, randomseq_10kb_orf_113, randomseq_10kb_orf_115, randomseq_10kb_orf_197, randomseq_10kb_orf_198"
114,randomseq_10kb_orf_115,7884,7940,Sense +3,Sense,54,18,7883,7937,7884,7940,"randomseq_10kb_orf_112, randomseq_10kb_orf_113, randomseq_10kb_orf_114, randomseq_10kb_orf_197, randomseq_10kb_orf_198"
194,randomseq_10kb_orf_195,7978,8061,Antisense +2,Antisense,81,27,1939,2020,8061,7978,"randomseq_10kb_orf_116, randomseq_10kb_orf_117, randomseq_10kb_orf_118, randomseq_10kb_orf_191, randomseq_10kb_orf_193, randomseq_10kb_orf_194, randomseq_10kb_orf_196, randomseq_10kb_orf_197"
195,randomseq_10kb_orf_196,7978,8049,Antisense +2,Antisense,69,23,1951,2020,8049,7978,"randomseq_10kb_orf_116, randomseq_10kb_orf_117, randomseq_10kb_orf_194, randomseq_10kb_orf_195, randomseq_10kb_orf_197"
193,randomseq_10kb_orf_194,7978,8073,Antisense +2,Antisense,93,31,1927,2020,8073,7978,"randomseq_10kb_orf_116, randomseq_10kb_orf_117, randomseq_10kb_orf_118, randomseq_10kb_orf_191, randomseq_10kb_orf_193, randomseq_10kb_orf_195, randomseq_10kb_orf_196, randomseq_10kb_orf_197"
115,randomseq_10kb_orf_116,7982,8014,Sense +2,Sense,30,10,7981,8011,7982,8014,"randomseq_10kb_orf_117, randomseq_10kb_orf_194, randomseq_10kb_orf_195, randomseq_10kb_orf_196"
116,randomseq_10kb_orf_117,7989,7994,Sense +3,Sense,3,1,7988,7991,7989,7994,"randomseq_10kb_orf_116, randomseq_10kb_orf_194, randomseq_10kb_orf_195, randomseq_10kb_orf_196"
192,randomseq_10kb_orf_193,8049,8132,Antisense +3,Antisense,81,27,1868,1949,8132,8049,"randomseq_10kb_orf_118, randomseq_10kb_orf_119, randomseq_10kb_orf_120, randomseq_10kb_orf_191, randomseq_10kb_orf_192, randomseq_10kb_orf_194, randomseq_10kb_orf_195"
190,randomseq_10kb_orf_191,8049,8168,Antisense +3,Antisense,117,39,1832,1949,8168,8049,"randomseq_10kb_orf_118, randomseq_10kb_orf_119, randomseq_10kb_orf_120, randomseq_10kb_orf_121, randomseq_10kb_orf_188, randomseq_10kb_orf_192, randomseq_10kb_orf_193, randomseq_10kb_orf_194, randomseq_10kb_orf_195"
117,randomseq_10kb_orf_118,8056,8205,Sense +1,Sense,147,49,8055,8202,8056,8205,"randomseq_10kb_orf_119, randomseq_10kb_orf_120, randomseq_10kb_orf_121, randomseq_10kb_orf_122, randomseq_10kb_orf_188, randomseq_10kb_orf_189, randomseq_10kb_orf_190, randomseq_10kb_orf_191, randomseq_10kb_orf_192, randomseq_10kb_orf_193, randomseq_10kb_orf_194, randomseq_10kb_orf_195"
118,randomseq_10kb_orf_119,8078,8092,Sense +2,Sense,12,4,8077,8089,8078,8092,"randomseq_10kb_orf_118, randomseq_10kb_orf_191, randomseq_10kb_orf_192, randomseq_10kb_orf_193"
191,randomseq_10kb_orf_192,8089,8142,Antisense +2,Antisense,51,17,1858,1909,8142,8089,"randomseq_10kb_orf_118, randomseq_10kb_orf_119, randomseq_10kb_orf_120, randomseq_10kb_orf_191, randomseq_10kb_orf_193"
119,randomseq_10kb_orf_120,8098,8205,Sense +1,Sense,105,35,8097,8202,8098,8205,"randomseq_10kb_orf_118, randomseq_10kb_orf_121, randomseq_10kb_orf_122, randomseq_10kb_orf_188, randomseq_10kb_orf_189, randomseq_10kb_orf_190, randomseq_10kb_orf_191, randomseq_10kb_orf_192, randomseq_10kb_orf_193"
187,randomseq_10kb_orf_188,8158,8235,Antisense +2,Antisense,75,25,1765,1840,8235,8158,"randomseq_10kb_orf_118, randomseq_10kb_orf_120, randomseq_10kb_orf_121, randomseq_10kb_orf_122, randomseq_10kb_orf_189, randomseq_10kb_orf_190, randomseq_10kb_orf_191"
120,randomseq_10kb_orf_121,8160,8171,Sense +3,Sense,9,3,8159,8168,8160,8171,"randomseq_10kb_orf_118, randomseq_10kb_orf_120, randomseq_10kb_orf_188, randomseq_10kb_orf_191"
189,randomseq_10kb_orf_190,8180,8203,Antisense +1,Antisense,21,7,1797,1818,8203,8180,"randomseq_10kb_orf_118, randomseq_10kb_orf_120, randomseq_10kb_orf_122, randomseq_10kb_orf_188, randomseq_10kb_orf_189"
188,randomseq_10kb_orf_189,8184,8222,Antisense +3,Antisense,36,12,1778,1814,8222,8184,"randomseq_10kb_orf_118, randomseq_10kb_orf_120, randomseq_10kb_orf_122, randomseq_10kb_orf_188, randomseq_10kb_orf_190"
121,randomseq_10kb_orf_122,8202,8264,Sense +3,Sense,60,20,8201,8261,8202,8264,"randomseq_10kb_orf_118, randomseq_10kb_orf_120, randomseq_10kb_orf_183, randomseq_10kb_orf_184, randomseq_10kb_orf_185, randomseq_10kb_orf_186, randomseq_10kb_orf_187, randomseq_10kb_orf_188, randomseq_10kb_orf_189, randomseq_10kb_orf_190"
183,randomseq_10kb_orf_184,8251,8304,Antisense +2,Antisense,51,17,1696,1747,8304,8251,"randomseq_10kb_orf_122, randomseq_10kb_orf_123, randomseq_10kb_orf_183, randomseq_10kb_orf_185, randomseq_10kb_orf_186, randomseq_10kb_orf_187"
186,randomseq_10kb_orf_187,8251,8277,Antisense +2,Antisense,24,8,1723,1747,8277,8251,"randomseq_10kb_orf_122, randomseq_10kb_orf_183, randomseq_10kb_orf_184, randomseq_10kb_orf_185, randomseq_10kb_orf_186"
184,randomseq_10kb_orf_185,8256,8300,Antisense +3,Antisense,42,14,1700,1742,8300,8256,"randomseq_10kb_orf_122, randomseq_10kb_orf_123, randomseq_10kb_orf_183, randomseq_10kb_orf_184, randomseq_10kb_orf_186, randomseq_10kb_orf_187"
182,randomseq_10kb_orf_183,8256,8345,Antisense +3,Antisense,87,29,1655,1742,8345,8256,"randomseq_10kb_orf_122, randomseq_10kb_orf_123, randomseq_10kb_orf_184, randomseq_10kb_orf_185, randomseq_10kb_orf_186, randomseq_10kb_orf_187"
185,randomseq_10kb_orf_186,8261,8293,Antisense +1,Antisense,30,10,1707,1737,8293,8261,"randomseq_10kb_orf_122, randomseq_10kb_orf_123, randomseq_10kb_orf_183, randomseq_10kb_orf_184, randomseq_10kb_orf_185, randomseq_10kb_orf_187"
122,randomseq_10kb_orf_123,8292,8297,Sense +3,Sense,3,1,8291,8294,8292,8297,"randomseq_10kb_orf_183, randomseq_10kb_orf_184, randomseq_10kb_orf_185, randomseq_10kb_orf_186"
123,randomseq_10kb_orf_124,8356,8397,Sense +1,Sense,39,13,8355,8394,8356,8397,"randomseq_10kb_orf_181, randomseq_10kb_orf_182"
181,randomseq_10kb_orf_182,8367,8456,Antisense +3,Antisense,87,29,1544,1631,8456,8367,"randomseq_10kb_orf_124, randomseq_10kb_orf_181"
180,randomseq_10kb_orf_181,8367,8462,Antisense +3,Antisense,93,31,1538,1631,8462,8367,"randomseq_10kb_orf_124, randomseq_10kb_orf_182"
124,randomseq_10kb_orf_125,8465,8554,Sense +2,Sense,87,29,8464,8551,8465,8554,"randomseq_10kb_orf_176, randomseq_10kb_orf_177, randomseq_10kb_orf_178, randomseq_10kb_orf_179, randomseq_10kb_orf_180"
179,randomseq_10kb_orf_180,8519,8545,Antisense +1,Antisense,24,8,1455,1479,8545,8519,randomseq_10kb_orf_125
176,randomseq_10kb_orf_177,8546,8695,Antisense +1,Antisense,147,49,1305,1452,8695,8546,"randomseq_10kb_orf_125, randomseq_10kb_orf_126, randomseq_10kb_orf_176, randomseq_10kb_orf_178, randomseq_10kb_orf_179"
178,randomseq_10kb_orf_179,8546,8620,Antisense +1,Antisense,72,24,1380,1452,8620,8546,"randomseq_10kb_orf_125, randomseq_10kb_orf_126, randomseq_10kb_orf_176, randomseq_10kb_orf_177, randomseq_10kb_orf_178"
175,randomseq_10kb_orf_176,8551,8721,Antisense +2,Antisense,168,56,1279,1447,8721,8551,"randomseq_10kb_orf_125, randomseq_10kb_orf_126, randomseq_10kb_orf_127, randomseq_10kb_orf_175, randomseq_10kb_orf_177, randomseq_10kb_orf_178, randomseq_10kb_orf_179"
177,randomseq_10kb_orf_178,8551,8685,Antisense +2,Antisense,132,44,1315,1447,8685,8551,"randomseq_10kb_orf_125, randomseq_10kb_orf_126, randomseq_10kb_orf_176, randomseq_10kb_orf_177, randomseq_10kb_orf_179"
125,randomseq_10kb_orf_126,8578,8592,Sense +1,Sense,12,4,8577,8589,8578,8592,"randomseq_10kb_orf_176, randomseq_10kb_orf_177, randomseq_10kb_orf_178, randomseq_10kb_orf_179"
174,randomseq_10kb_orf_175,8718,8744,Antisense +3,Antisense,24,8,1256,1280,8744,8718,"randomseq_10kb_orf_127, randomseq_10kb_orf_176"
126,randomseq_10kb_orf_127,8720,8914,Sense +2,Sense,192,64,8719,8911,8720,8914,"randomseq_10kb_orf_128, randomseq_10kb_orf_129, randomseq_10kb_orf_130, randomseq_10kb_orf_172, randomseq_10kb_orf_173, randomseq_10kb_orf_174, randomseq_10kb_orf_175, randomseq_10kb_orf_176"
173,randomseq_10kb_orf_174,8748,8759,Antisense +3,Antisense,9,3,1241,1250,8759,8748,"randomseq_10kb_orf_127, randomseq_10kb_orf_128"
127,randomseq_10kb_orf_128,8754,8840,Sense +3,Sense,84,28,8753,8837,8754,8840,"randomseq_10kb_orf_127, randomseq_10kb_orf_129, randomseq_10kb_orf_172, randomseq_10kb_orf_173, randomseq_10kb_orf_174"
172,randomseq_10kb_orf_173,8761,8778,Antisense +2,Antisense,15,5,1222,1237,8778,8761,"randomseq_10kb_orf_127, randomseq_10kb_orf_128"
171,randomseq_10kb_orf_172,8818,8838,Antisense +2,Antisense,18,6,1162,1180,8838,8818,"randomseq_10kb_orf_127, randomseq_10kb_orf_128, randomseq_10kb_orf_129"
128,randomseq_10kb_orf_129,8820,8840,Sense +3,Sense,18,6,8819,8837,8820,8840,"randomseq_10kb_orf_127, randomseq_10kb_orf_128, randomseq_10kb_orf_172"
129,randomseq_10kb_orf_130,8841,8846,Sense +3,Sense,3,1,8840,8843,8841,8846,randomseq_10kb_orf_127
170,randomseq_10kb_orf_171,8917,8958,Antisense +2,Antisense,39,13,1042,1081,8958,8917,randomseq_10kb_orf_131
130,randomseq_10kb_orf_131,8919,9032,Sense +3,Sense,111,37,8918,9029,8919,9032,"randomseq_10kb_orf_132, randomseq_10kb_orf_133, randomseq_10kb_orf_134, randomseq_10kb_orf_170, randomseq_10kb_orf_171"
131,randomseq_10kb_orf_132,8981,9049,Sense +2,Sense,66,22,8980,9046,8981,9049,"randomseq_10kb_orf_131, randomseq_10kb_orf_133, randomseq_10kb_orf_134, randomseq_10kb_orf_170"
132,randomseq_10kb_orf_133,8985,9032,Sense +3,Sense,45,15,8984,9029,8985,9032,"randomseq_10kb_orf_131, randomseq_10kb_orf_132, randomseq_10kb_orf_134, randomseq_10kb_orf_170"
133,randomseq_10kb_orf_134,8991,9032,Sense +3,Sense,39,13,8990,9029,8991,9032,"randomseq_10kb_orf_131, randomseq_10kb_orf_132, randomseq_10kb_orf_133, randomseq_10kb_orf_170"
169,randomseq_10kb_orf_170,9029,9097,Antisense +1,Antisense,66,22,903,969,9097,9029,"randomseq_10kb_orf_131, randomseq_10kb_orf_132, randomseq_10kb_orf_133, randomseq_10kb_orf_134, randomseq_10kb_orf_135, randomseq_10kb_orf_136, randomseq_10kb_orf_137"
134,randomseq_10kb_orf_135,9056,9103,Sense +2,Sense,45,15,9055,9100,9056,9103,"randomseq_10kb_orf_136, randomseq_10kb_orf_137, randomseq_10kb_orf_170"
135,randomseq_10kb_orf_136,9063,9161,Sense +3,Sense,96,32,9062,9158,9063,9161,"randomseq_10kb_orf_135, randomseq_10kb_orf_137, randomseq_10kb_orf_170"
136,randomseq_10kb_orf_137,9096,9161,Sense +3,Sense,63,21,9095,9158,9096,9161,"randomseq_10kb_orf_135, randomseq_10kb_orf_136, randomseq_10kb_orf_170"
166,randomseq_10kb_orf_167,9168,9215,Antisense +3,Antisense,45,15,785,830,9215,9168,"randomseq_10kb_orf_168, randomseq_10kb_orf_169"
167,randomseq_10kb_orf_168,9168,9191,Antisense +3,Antisense,21,7,809,830,9191,9168,"randomseq_10kb_orf_167, randomseq_10kb_orf_169"
168,randomseq_10kb_orf_169,9168,9176,Antisense +3,Antisense,6,2,824,830,9176,9168,"randomseq_10kb_orf_167, randomseq_10kb_orf_168"
137,randomseq_10kb_orf_138,9229,9315,Sense +1,Sense,84,28,9228,9312,9229,9315,"randomseq_10kb_orf_139, randomseq_10kb_orf_140, randomseq_10kb_orf_141"
138,randomseq_10kb_orf_139,9250,9315,Sense +1,Sense,63,21,9249,9312,9250,9315,"randomseq_10kb_orf_138, randomseq_10kb_orf_140, randomseq_10kb_orf_141"
139,randomseq_10kb_orf_140,9264,9431,Sense +3,Sense,165,55,9263,9428,9264,9431,"randomseq_10kb_orf_138, randomseq_10kb_orf_139, randomseq_10kb_orf_141, randomseq_10kb_orf_142, randomseq_10kb_orf_166"
140,randomseq_10kb_orf_141,9307,9315,Sense +1,Sense,6,2,9306,9312,9307,9315,"randomseq_10kb_orf_138, randomseq_10kb_orf_139, randomseq_10kb_orf_140"
165,randomseq_10kb_orf_166,9367,9399,Antisense +2,Antisense,30,10,601,631,9399,9367,"randomseq_10kb_orf_140, randomseq_10kb_orf_142"
141,randomseq_10kb_orf_142,9398,9415,Sense +2,Sense,15,5,9397,9412,9398,9415,"randomseq_10kb_orf_140, randomseq_10kb_orf_166"
142,randomseq_10kb_orf_143,9448,9492,Sense +1,Sense,42,14,9447,9489,9448,9492,"randomseq_10kb_orf_164, randomseq_10kb_orf_165"
163,randomseq_10kb_orf_164,9453,9539,Antisense +3,Antisense,84,28,461,545,9539,9453,"randomseq_10kb_orf_143, randomseq_10kb_orf_144, randomseq_10kb_orf_163, randomseq_10kb_orf_165"
164,randomseq_10kb_orf_165,9453,9503,Antisense +3,Antisense,48,16,497,545,9503,9453,"randomseq_10kb_orf_143, randomseq_10kb_orf_163, randomseq_10kb_orf_164"
162,randomseq_10kb_orf_163,9500,9586,Antisense +1,Antisense,84,28,414,498,9586,9500,"randomseq_10kb_orf_144, randomseq_10kb_orf_164, randomseq_10kb_orf_165"
143,randomseq_10kb_orf_144,9538,9546,Sense +1,Sense,6,2,9537,9543,9538,9546,"randomseq_10kb_orf_163, randomseq_10kb_orf_164"
161,randomseq_10kb_orf_162,9598,9609,Antisense +2,Antisense,9,3,391,400,9609,9598,randomseq_10kb_orf_161
160,randomseq_10kb_orf_161,9598,9648,Antisense +2,Antisense,48,16,352,400,9648,9598,"randomseq_10kb_orf_145, randomseq_10kb_orf_146, randomseq_10kb_orf_160, randomseq_10kb_orf_162"
144,randomseq_10kb_orf_145,9611,9781,Sense +2,Sense,168,56,9610,9778,9611,9781,"randomseq_10kb_orf_146, randomseq_10kb_orf_147, randomseq_10kb_orf_148, randomseq_10kb_orf_149, randomseq_10kb_orf_156, randomseq_10kb_orf_157, randomseq_10kb_orf_158, randomseq_10kb_orf_159, randomseq_10kb_orf_160, randomseq_10kb_orf_161"
159,randomseq_10kb_orf_160,9626,9652,Antisense +1,Antisense,24,8,348,372,9652,9626,"randomseq_10kb_orf_145, randomseq_10kb_orf_146, randomseq_10kb_orf_161"
145,randomseq_10kb_orf_146,9647,9781,Sense +2,Sense,132,44,9646,9778,9647,9781,"randomseq_10kb_orf_145, randomseq_10kb_orf_147, randomseq_10kb_orf_148, randomseq_10kb_orf_149, randomseq_10kb_orf_156, randomseq_10kb_orf_157, randomseq_10kb_orf_158, randomseq_10kb_orf_159, randomseq_10kb_orf_160, randomseq_10kb_orf_161"
158,randomseq_10kb_orf_159,9673,9687,Antisense +2,Antisense,12,4,313,325,9687,9673,"randomseq_10kb_orf_145, randomseq_10kb_orf_146, randomseq_10kb_orf_158"
157,randomseq_10kb_orf_158,9673,9690,Antisense +2,Antisense,15,5,310,325,9690,9673,"randomseq_10kb_orf_145, randomseq_10kb_orf_146, randomseq_10kb_orf_147, randomseq_10kb_orf_156, randomseq_10kb_orf_159"
155,randomseq_10kb_orf_156,9687,9860,Antisense +3,Antisense,171,57,140,311,9860,9687,"randomseq_10kb_orf_145, randomseq_10kb_orf_146, randomseq_10kb_orf_147, randomseq_10kb_orf_148, randomseq_10kb_orf_149, randomseq_10kb_orf_155, randomseq_10kb_orf_157, randomseq_10kb_orf_158"
146,randomseq_10kb_orf_147,9689,9781,Sense +2,Sense,90,30,9688,9778,9689,9781,"randomseq_10kb_orf_145, randomseq_10kb_orf_146, randomseq_10kb_orf_148, randomseq_10kb_orf_149, randomseq_10kb_orf_156, randomseq_10kb_orf_157, randomseq_10kb_orf_158"
147,randomseq_10kb_orf_148,9713,9781,Sense +2,Sense,66,22,9712,9778,9713,9781,"randomseq_10kb_orf_145, randomseq_10kb_orf_146, randomseq_10kb_orf_147, randomseq_10kb_orf_149, randomseq_10kb_orf_156, randomseq_10kb_orf_157"
148,randomseq_10kb_orf_149,9749,9781,Sense +2,Sense,30,10,9748,9778,9749,9781,"randomseq_10kb_orf_145, randomseq_10kb_orf_146, randomseq_10kb_orf_147, randomseq_10kb_orf_148, randomseq_10kb_orf_156, randomseq_10kb_orf_157"
156,randomseq_10kb_orf_157,9778,9816,Antisense +2,Antisense,36,12,184,220,9816,9778,"randomseq_10kb_orf_145, randomseq_10kb_orf_146, randomseq_10kb_orf_147, randomseq_10kb_orf_148, randomseq_10kb_orf_149, randomseq_10kb_orf_155, randomseq_10kb_orf_156"
154,randomseq_10kb_orf_155,9782,9940,Antisense +1,Antisense,156,52,60,216,9940,9782,"randomseq_10kb_orf_150, randomseq_10kb_orf_151, randomseq_10kb_orf_152, randomseq_10kb_orf_153, randomseq_10kb_orf_154, randomseq_10kb_orf_156, randomseq_10kb_orf_157"
149,randomseq_10kb_orf_150,9897,9959,Sense +3,Sense,60,20,9896,9956,9897,9959,"randomseq_10kb_orf_151, randomseq_10kb_orf_152, randomseq_10kb_orf_153, randomseq_10kb_orf_154, randomseq_10kb_orf_155"
150,randomseq_10kb_orf_151,9920,9925,Sense +2,Sense,3,1,9919,9922,9920,9925,"randomseq_10kb_orf_150, randomseq_10kb_orf_155"
151,randomseq_10kb_orf_152,9930,9959,Sense +3,Sense,27,9,9929,9956,9930,9959,"randomseq_10kb_orf_150, randomseq_10kb_orf_153, randomseq_10kb_orf_154, randomseq_10kb_orf_155"
153,randomseq_10kb_orf_154,9937,9975,Antisense +2,Antisense,36,12,25,61,9975,9937,"randomseq_10kb_orf_150, randomseq_10kb_orf_152, randomseq_10kb_orf_153, randomseq_10kb_orf_155"
152,randomseq_10kb_orf_153,9939,9959,Sense +3,Sense,18,6,9938,9956,9939,9959,"randomseq_10kb_orf_150, randomseq_10kb_orf_152, randomseq_10kb_orf_154, randomseq_10kb_orf_155"
